{"__type__":"cc.AnimationClip","_name":"donghua-fangsheguang","_duration":3,"wrapMode":2,"curveData":{"props":{"rotation":[{"frame":0,"value":0},{"frame":1.2666666666666666,"value":77.53010000000002},{"frame":1.4166666666666667,"value":86.39768750000002},{"frame":3,"value":180}]}}}